{"icr":{"current_battles": 9089827,"current_frags": 1.35828571428571,"current_k_d": 2.94914285714286,"current_wins": 49.212,"current_xp": 574.685714285714,"current_damage": 9417.94285714286,"current_planes": 0,"stdv_frags": 0.437065654741507,"stdv_k_d": 1.4577992507414,"stdv_wins": 2.02394169876506,"stdv_xp": 90.1096624147722,"stdv_damage": 2332.84703543895,"stdv_planes": 0}, "iibb":{"current_battles": 668274,"current_frags": 0.93,"current_k_d": 1.705,"current_wins": 53.6325,"current_xp": 589.5,"current_damage": 18212.25,"current_planes": 0,"stdv_frags": 0.0547722557505166,"stdv_k_d": 0.151986841535707,"stdv_wins": 0.936460534850953,"stdv_xp": 19.6044212700435,"stdv_damage": 2300.49290008323,"stdv_planes": 0}, "iicr":{"current_battles": 14762533,"current_frags": 0.901538461538462,"current_k_d": 1.64230769230769,"current_wins": 49.0632692307692,"current_xp": 580.153846153846,"current_damage": 17225.9038461538,"current_planes": 0.000384615384615385,"stdv_frags": 0.396931290618536,"stdv_k_d": 1.06373484714834,"stdv_wins": 4.76359796510499,"stdv_xp": 152.984862075085,"stdv_damage": 5197.35280756073,"stdv_planes": 0.00194183909345154}, "iidd":{"current_battles": 15516853,"current_frags": 0.889772727272727,"current_k_d": 1.45272727272727,"current_wins": 47.7472727272727,"current_xp": 563.522727272727,"current_damage": 14635.2272727273,"current_planes": 0,"stdv_frags": 0.174042077729197,"stdv_k_d": 0.371404397140967,"stdv_wins": 3.2871188795876,"stdv_xp": 101.487652734238,"stdv_damage": 2480.19295820639,"stdv_planes": 0}, "iiibb":{"current_battles": 8922873,"current_frags": 1.07392857142857,"current_k_d": 2.04607142857143,"current_wins": 52.0382142857143,"current_xp": 692.821428571429,"current_damage": 31886.1785714286,"current_planes": 0.150714285714286,"stdv_frags": 0.184979263817132,"stdv_k_d": 0.435552771695023,"stdv_wins": 3.6260130677089,"stdv_xp": 131.818914388172,"stdv_damage": 4425.01865284682,"stdv_planes": 0.15518038658591}, "iiicr":{"current_battles": 37883371,"current_frags": 0.838461538461539,"current_k_d": 1.34288461538462,"current_wins": 50.5565384615385,"current_xp": 638.192307692308,"current_damage": 21967.1923076923,"current_planes": 0.191538461538462,"stdv_frags": 0.151313006521861,"stdv_k_d": 0.414522340458346,"stdv_wins": 2.92520948444782,"stdv_xp": 99.3514337624202,"stdv_damage": 4248.33217580948,"stdv_planes": 0.38450571588798}, "iiidd":{"current_battles": 21588147,"current_frags": 0.7665,"current_k_d": 1.12675,"current_wins": 49.571,"current_xp": 598.75,"current_damage": 17046.825,"current_planes": 0.11025,"stdv_frags": 0.152324720622821,"stdv_k_d": 0.359082788111528,"stdv_wins": 3.24498650781439,"stdv_xp": 102.509724366733,"stdv_damage": 3199.45278083532,"stdv_planes": 0.156671917533391}, "ivbb":{"current_battles": 58046851,"current_frags": 0.99725,"current_k_d": 1.861,"current_wins": 51.2615,"current_xp": 785.525,"current_damage": 37064.375,"current_planes": 1.41125,"stdv_frags": 0.16671774858217,"stdv_k_d": 0.343539644261746,"stdv_wins": 1.87626955310196,"stdv_xp": 69.1479230086505,"stdv_damage": 5068.98664675692,"stdv_planes": 1.01778590136907}, "ivcr":{"current_battles": 57844359,"current_frags": 0.8085,"current_k_d": 1.195,"current_wins": 51.687,"current_xp": 741.925,"current_damage": 24259.575,"current_planes": 1.343,"stdv_frags": 0.161603344722939,"stdv_k_d": 0.325710269238137,"stdv_wins": 2.44904502581344,"stdv_xp": 95.0687706549641,"stdv_damage": 4332.00639182887,"stdv_planes": 1.42559605167947}, "ivcv":{"current_battles": 11807428,"current_frags": 0.772,"current_k_d": 2.5185,"current_wins": 51.7205,"current_xp": 761.15,"current_damage": 29472.7,"current_planes": 3.195,"stdv_frags": 0.0851376594265522,"stdv_k_d": 0.429507367745151,"stdv_wins": 0.70471700180397,"stdv_xp": 38.8563819861375,"stdv_damage": 3023.41027562202,"stdv_planes": 1.27078301597252}, "ivdd":{"current_battles": 45988920,"current_frags": 0.810625,"current_k_d": 1.1665625,"current_wins": 50.57,"current_xp": 686.84375,"current_damage": 20764.5,"current_planes": 0.2509375,"stdv_frags": 0.0914731584109646,"stdv_k_d": 0.183313751398014,"stdv_wins": 1.37976856404347,"stdv_xp": 36.1717314103957,"stdv_damage": 2443.07365898489,"stdv_planes": 0.297921394428236}, "ixbb":{"current_battles": 148309931,"current_frags": 0.771979166666667,"current_k_d": 1.3790625,"current_wins": 50.8715625,"current_xp": 1627.76041666667,"current_damage": 73203.59375,"current_planes": 2.54989583333333,"stdv_frags": 0.10695419375323,"stdv_k_d": 0.244562243180491,"stdv_wins": 1.86875209029984,"stdv_xp": 124.240576878017,"stdv_damage": 7897.52383522586,"stdv_planes": 0.811669487818866}, "ixcr":{"current_battles": 100008328,"current_frags": 0.694938271604938,"current_k_d": 1.32901234567901,"current_wins": 52.1539506172839,"current_xp": 1631.8024691358,"current_damage": 60597.0617283951,"current_planes": 2.79604938271605,"stdv_frags": 0.0845890574600245,"stdv_k_d": 0.21412382479696,"stdv_wins": 1.98749193646939,"stdv_xp": 135.365562436785,"stdv_damage": 8232.22209422474,"stdv_planes": 1.06925520692249}, "ixdd":{"current_battles": 79806159,"current_frags": 0.770657894736842,"current_k_d": 1.36592105263158,"current_wins": 51.6938157894737,"current_xp": 1680.71052631579,"current_damage": 42731.8026315789,"current_planes": 1.81157894736842,"stdv_frags": 0.0982152130282038,"stdv_k_d": 0.264349151094174,"stdv_wins": 2.19584271877884,"stdv_xp": 126.398187306567,"stdv_damage": 4978.51064213582,"stdv_planes": 1.1298000444109}, "vbb":{"current_battles": 108313834,"current_frags": 0.848815789473684,"current_k_d": 1.5946052631579,"current_wins": 52.6792105263158,"current_xp": 1063.75,"current_damage": 41417.6052631579,"current_planes": 1.7403947368421,"stdv_frags": 0.145967732555412,"stdv_k_d": 0.361199633774173,"stdv_wins": 2.50632733332149,"stdv_xp": 141.868965363582,"stdv_damage": 5799.8019393285,"stdv_planes": 0.907708383112071}, "vcr":{"current_battles": 98575913,"current_frags": 0.6125,"current_k_d": 0.89328947368421,"current_wins": 51.5788157894737,"current_xp": 978.986842105263,"current_damage": 25195.75,"current_planes": 1.4625,"stdv_frags": 0.0945180758726428,"stdv_k_d": 0.162688972442468,"stdv_wins": 1.61676959158709,"stdv_xp": 87.6533313184848,"stdv_damage": 3206.53184661143,"stdv_planes": 0.902068918283594}, "vdd":{"current_battles": 77462151,"current_frags": 0.793125,"current_k_d": 1.3009375,"current_wins": 52.6653125,"current_xp": 1034.203125,"current_damage": 24035.8125,"current_planes": 0.5440625,"stdv_frags": 0.248844153434258,"stdv_k_d": 0.611032742088967,"stdv_wins": 3.71722800320047,"stdv_xp": 167.736299058449,"stdv_damage": 7064.03518586529,"stdv_planes": 0.665319397578074}, "vibb":{"current_battles": 121151909,"current_frags": 0.839861111111111,"current_k_d": 1.56666666666667,"current_wins": 52.5236111111111,"current_xp": 1301.75,"current_damage": 47724.8472222222,"current_planes": 2.53166666666667,"stdv_frags": 0.0873312143598436,"stdv_k_d": 0.26903060195586,"stdv_wins": 1.6457065827463,"stdv_xp": 139.042171128448,"stdv_damage": 4724.76110629326,"stdv_planes": 1.38898179344987}, "vicr":{"current_battles": 117088329,"current_frags": 0.652619047619048,"current_k_d": 1.04952380952381,"current_wins": 52.1425,"current_xp": 1183.45238095238,"current_damage": 31526.8452380952,"current_planes": 2.72142857142857,"stdv_frags": 0.0835235923328881,"stdv_k_d": 0.194353452468737,"stdv_wins": 1.8644530675144,"stdv_xp": 130.640443262986,"stdv_damage": 3000.78301626425,"stdv_planes": 1.52100485400962}, "vicv":{"current_battles": 21605704,"current_frags": 0.8028125,"current_k_d": 3.2515625,"current_wins": 53.090625,"current_xp": 1382.34375,"current_damage": 41970.1875,"current_planes": 4.8534375,"stdv_frags": 0.143217280787372,"stdv_k_d": 0.846762751458792,"stdv_wins": 3.18202201640769,"stdv_xp": 179.546670970118,"stdv_damage": 5507.44297812134,"stdv_planes": 1.61976423886815}, "vidd":{"current_battles": 71793635,"current_frags": 0.692638888888889,"current_k_d": 1.11708333333333,